{
    "elements": [
        {   
            "from": [0, 0, 0],
            "to": [16, 1, 16],
            "faces": {
                "down":  {"uv": [0,  0, 16, 16], "texture": "#tex", "tintindex": 0, "cullface": "down"},
                "up":    {"uv": [0,  0, 16, 16], "texture": "#tex", "tintindex": 0},
                "north": {"uv": [0, 15, 16, 16], "texture": "#tex", "tintindex": 0, "cullface": "north"},
                "south": {"uv": [0, 15, 16, 16], "texture": "#tex", "tintindex": 0, "cullface": "south"},
                "west":  {"uv": [0, 15, 16, 16], "texture": "#tex", "tintindex": 0, "cullface": "west"},
                "east":  {"uv": [0, 15, 16, 16], "texture": "#tex", "tintindex": 0, "cullface": "east"}
            }
        }
    ]
}