{
    "display": {
        "icon": {
            "item": "rtm:ingot_steel",
            "data": 0
        },
        "title": {
            "translate": "advancements.rtm.get_steel.title"
        },
        "description": {
            "translate": "advancements.rtm.get_steel.description"
        }
    },
    "parent": "rtm:build_furnace",
    "criteria": {
        "get_steel": {
            "trigger": "minecraft:inventory_changed",
            "conditions": {
                "items": [
                    {
                        "item": "rtm:ingot_steel"
                    }
                ]
            }
        }
    }
}