{
  "trainName": "223h",
  "trainType": "EC",

  "trainModel2": {
      "modelFile": "ModelTrain_223h.class",
      "textures": [["default", "textures/train/223/223h.png", "Light, AlphaBlend"]]
  },
  "bogieModel2": {
      "modelFile": "ModelBogie.class",
      "textures": [["default", "textures/train/bogie.png"]]
  },

  "buttonTexture": "textures/train/223/button_223h.png",
  "rollsignTexture": "textures/train/223/rollsign_223h.png",
  "rollsignNames": [
      "S-Rapid_Aboshi", "S-Rapid_Tsuruga", "S-Rapid_", "S-Rapid_", "S-Rapid_", "S-Rapid_", "Rapid_Kyoto", "Rapid_Himeji",
      "Rapid_", "Rapid_", "None", "None", "None", "None", "None", "None"],
  "rollsigns": [
    {
      "uv": [0.0, 0.28125, 0.0, 1.0],
      "pos": [[[0.3125, 2.625, 10.25], [0.3125, 2.375, 10.25], [-0.3125, 2.375, 10.25], [-0.3125, 2.625, 10.25]],
        [[1.5, 2.6875, -3.1875], [1.5, 2.4375, -3.1875], [1.5, 2.4375, -2.5625], [1.5, 2.6875, -2.5625]],
        [[-1.5, 2.6875, 3.1875], [-1.5, 2.4375, 3.1875], [-1.5, 2.4375, 2.5625], [-1.5, 2.6875, 2.5625]]],
      "doAnimation": true,
    	"disableLighting": false
    },
    {
      "uv": [0.65625, 1.0, 0.0, 1.0],
      "pos": [[[1.1875, 2.5625, 10.25], [1.1875, 2.375, 10.25], [0.5, 2.375, 10.25], [0.5, 2.5625, 10.25]]],
      "doAnimation": false,
    	"disableLighting": false
    },
    {
      "uv": [0.28125, 0.65625, 0.0, 1.0],
      "pos": [[[1.5, 2.6875, -4.125], [1.5, 2.4375, -4.125], [1.5, 2.4375, -3.375], [1.5, 2.6875, -3.375]],
        [[-1.5, 2.6875, 4.125], [-1.5, 2.4375, 4.125], [-1.5, 2.4375, 3.375], [-1.5, 2.6875, 3.375]]],
      "doAnimation": false,
    	"disableLighting": false
    }
  ],

  "sound_Horn": "rtm:train.rtm_223mh",
  "sound_BrakeRelease": "rtm:train.rtm_223_release",
  "sound_BrakeRelease2": "rtm:train.brakeR_w",
  "sound_Announcement": [["KankuRapid", "rtm:train.rtm_223_kankuRapid"], ["Test", "sound_test:train.test"]],
  "soundScriptPath": "scripts/sound_223.js",

  "headLights": [
    {
      "type": 0,
      "color": 16773328,
      "pos": [0.975, 0.5, 10.315],
      "r": 0.75
    },
    {
      "type": 0,
      "color": 15790208,
      "pos": [0.625, 0.5, 10.3125],
      "r": 0.7
    },
    {
      "type": 0,
      "color": 16773328,
      "pos": [-0.975, 0.5, 10.315],
      "r": 0.75
    },
    {
      "type": 0,
      "color": 15790208,
      "pos": [-0.625, 0.5, 10.3125],
      "r": 0.7
    },
    {
      "type": 1,
      "color": 16773328,
      "pos": [0.975, 0.5, 10.0],
      "r": 1.25
    },
    {
      "type": 1,
      "color": 16773328,
      "pos": [-0.975, 0.5, 10.0],
      "r": 1.25
    }
  ],

  "tailLights": [
    {
      "type": 0,
      "color": 16711760,
      "pos": [0.8, 0.35, 10.3125],
      "r": 0.5
    },
    {
      "type": 0,
      "color": 16711760,
      "pos": [-0.8, 0.35, 10.3125],
      "r": 0.5
    }
  ],

	"interiorLights": [
		{
			"pos": [0.0, 2.5, 9.0]
		},
		{
			"pos": [0.0, 2.5, -9.0]
		}
	],

  "seatPos": [[12, 0, 90, 1], [12, 0, 70, 1], [12, 0, 50, 1], [12, 0, 30, 1],
    	[12, 0, -140, 1], [12, 0, -90, 1], [12, 0, -70, 1], [12, 0, -50, 1], [12, 0, -30, 1],
    	[-12, 0, 90, 1], [-12, 0, 70, 1], [-12, 0, 50, 1], [-12, 0, 30, 1],
    	[-12, 0, -140, 1], [-12, 0, -90, 1], [-12, 0, -70, 1], [-12, 0, -50, 1], [-12, 0, -30, 1]],

  "playerPos": [[0.8, 0.25, 9.187], [-0.8, 0.25, -9.187]],
  "bogiePos": [[0.0, 0.0, 7.125], [0.0, 0.0, -7.125]],
  "maxSpeed": [0.40, 0.84, 1.08, 1.39, 1.67],
  "rolling": 0.4,
  "doCulling": false,
  "rollSpeedCoefficient":0.125,
  "rollVariationCoefficient":0.51,
  "rollWidthCoefficient":1.0,
  "tags": "ngt5479 223 JRW"
}