{
  "name": "CameraMonitor",
  "model": {
      "modelFile": "monitor_3x2.mqo",
      "textures": [["default", "textures/machine/monitor.png", ""]],
      "rendererPath": "scripts/RenderCameraMonitor.js"
  },
  "buttonTexture": "textures/machine/button_CameraMonitor.png",
  "machineType": "Light",
  "rotateByMetadata": false,
  "brightness": [0, 15],
  "useCustomColor": false,
  "smoothing": true,
  "doCulling": true,
  "accuracy": "LOW",
  "tags": "ngt5479",
  "defaultData": "scale=(Double)1.0,camera=(Int)-1"
}
