{
  "signalName": "3color",
  "signalModel": "ModelSignal_3color.mqo",
  "signalTexture": "textures/signal/colorSignal.png",
  "lightTexture": "textures/signal/colorSignal_3c.png",
  "buttonTexture": "textures/signal/button_3c.png",
  "modelPartsFixture": {
    "objects": ["pole", "body2"],
    "pos": [0.0, 0.0, 0.0]
  },
  "modelPartsBody": {
    "objects": ["body", "light1", "light2", "light3"],
    "pos": [0.0, 0.0, 0.425]
  },
  "lights": [
    "S(1) I(0) P(light1)",
    "S(3) I(0) P(light2)",
    "S(5) I(0) P(light3)"
    ],
  "rotateBody": true,
  "smoothing": true,
  "doCulling": true,
  "tags": "ngt5479 3color"
}
