{
  "name": "B-2_C",
	"model": {
      "modelFile": "B-2.mqo",
      "textures": [["default", "textures/vehicle/B-2_C.png", ""]]
  },
	"buttonTexture": "textures/vehicle/button_B-2_C.png",
	"vehicleType": "Plane",
	"size": [9.0, 3.0],
	"playerPos": [[0.0, 2.0, 5.8]],
	"scale": 1.0,
	"friction": [0.9, 0.999],
	"acceleration": [0.01, 0.05],
	"maxSpeed": [1.0, 3.0],
	"maxYaw": [15.0, 2.5],
	"pitchCoefficient": [2.5, 2.5],
	"yawCoefficient": [2.5, 2.5],
	"rollCoefficient": [45.0, 45.0],
  "smoothing": true,
  "doCulling": true,
	"changeYawOnStopping": true,
  "tags": "ngt5479 B-2"
}
