{
  "name": "TankTest",
  "model": {
      "modelFile": "TankTest.mqo",
      "textures": [["default", "textures/vehicle/tank_test.png", ""]],
      "rendererPath": "scripts/RenderTankTest.js"
  },
  "buttonTexture": "textures/vehicle/button_TankTest.png",
  "vehicleType": "Car",
  "size": [2.5, 2.0],
  "playerPos": [[0.0, 1.5, 0.0]],
  "vibration":[0.01, 0.025],
  "useCustomColor": true,
  "smoothing": true,
  "doCulling": true,
  "changeYawOnStopping": true,
  "accuracy": "LOW",
  "tags": "ngt5479"
}
