{
  "variants":{
    "meta=0":{"model":"rtm:hot_stove_brick"},
    "meta=1":{"model":"rtm:hot_stove_brick"},
    "meta=2":{"model":"rtm:hot_stove_brick"},
    "meta=3":{"model":"rtm:hot_stove_brick"},
    "meta=4":{"model":"rtm:hot_stove_brick"},
    "meta=5":{"model":"rtm:hot_stove_brick"},
    "meta=6":{"model":"rtm:hot_stove_brick"},
    "meta=7":{"model":"rtm:hot_stove_brick"},
    "meta=8":{"model":"rtm:hot_stove_brick"},
    "meta=9":{"model":"rtm:hot_stove_brick"},
    "meta=10":{"model":"rtm:hot_stove_brick"},
    "meta=11":{"model":"rtm:hot_stove_brick"},
    "meta=12":{"model":"rtm:hot_stove_brick"},
    "meta=13":{"model":"rtm:hot_stove_brick"},
    "meta=14":{"model":"rtm:hot_stove_brick"},
    "meta=15":{"model":"rtm:hot_stove_brick"}
  }
}