{
  "variants":{
    "meta=0":{"model":"rtm:signal_converter0"},
    "meta=1":{"model":"rtm:signal_converter1"},
    "meta=2":{"model":"rtm:signal_converter2"},
    "meta=3":{"model":"rtm:signal_converter3"},
    "meta=4":{"model":"rtm:signal_converter4"},
    "meta=5":{"model":"rtm:signal_converter0"},
    "meta=6":{"model":"rtm:signal_converter0"},
    "meta=7":{"model":"rtm:signal_converter0"},
    "meta=8":{"model":"rtm:signal_converter0"},
    "meta=9":{"model":"rtm:signal_converter0"},
    "meta=10":{"model":"rtm:signal_converter0"},
    "meta=11":{"model":"rtm:signal_converter0"},
    "meta=12":{"model":"rtm:signal_converter0"},
    "meta=13":{"model":"rtm:signal_converter0"},
    "meta=14":{"model":"rtm:signal_converter0"},
    "meta=15":{"model":"rtm:signal_converter0"}
  }
}